{"cameraMode":{"drawMode":0,"name":"Shaded","section":"Shading Mode"},"sceneLighting":true,"audioPlay":false,"sceneViewState":{"showFog":true,"showMaterialUpdate":false,"showSkybox":true,"showFlares":true,"showImageEffects":true,"showParticleSystems":true,"showVisualEffectGraphs":true,"m_FxEnabled":false},"in2DMode":false,"pivot":{"x":-2.0550239086151125,"y":0.10710948705673218,"z":0.06952720880508423},"rotation":{"x":-0.10540083050727844,"y":0.8946604132652283,"z":-0.307943731546402,"w":-0.30615052580833437},"size":2.8307762145996095,"orthographic":false}