{"cameraMode":{"drawMode":0,"name":"Shaded","section":"Shading Mode"},"sceneLighting":true,"audioPlay":false,"sceneViewState":{"showFog":true,"showMaterialUpdate":false,"showSkybox":false,"showFlares":true,"showImageEffects":true,"showParticleSystems":true},"in2DMode":false,"pivot":{"x":-52.58512496948242,"y":3.621429920196533,"z":50.00676345825195},"rotation":{"x":0.10362327843904495,"y":-0.3255615830421448,"z":0.03570174798369408,"w":0.9392691850662231},"size":115.86444091796875,"orthographic":false}