{"cameraMode":{"drawMode":0,"name":"Shaded","section":"Shading Mode"},"sceneLighting":false,"audioPlay":false,"sceneViewState":{"m_AlwaysRefresh":false,"showFog":true,"showSkybox":false,"showFlares":true,"showImageEffects":true,"showParticleSystems":true,"showVisualEffectGraphs":true,"m_FxEnabled":true},"in2DMode":false,"pivot":{"x":-0.15900027751922608,"y":1.1165757179260255,"z":-0.3442752957344055},"rotation":{"x":0.4701087474822998,"y":-0.4260200262069702,"z":0.2775813639163971,"w":0.7214534282684326},"size":1.7660255432128907,"orthographic":false}