{"cameraMode":{"drawMode":0,"name":"Shaded","section":"Shading Mode"},"sceneLighting":false,"audioPlay":false,"sceneViewState":{"m_AlwaysRefresh":false,"showFog":true,"showSkybox":false,"showFlares":true,"showImageEffects":true,"showParticleSystems":true,"showVisualEffectGraphs":true,"m_FxEnabled":true},"in2DMode":false,"pivot":{"x":-0.15900027751922608,"y":1.1165757179260255,"z":-0.3442752957344055},"rotation":{"x":0.5545917749404907,"y":-0.0803404152393341,"z":0.05390433967113495,"w":0.8265076279640198},"size":4.466025352478027,"orthographic":false}