{"cameraMode":{"drawMode":0,"name":"Shaded","section":"Shading Mode"},"sceneLighting":true,"audioPlay":false,"sceneViewState":{"showFog":false,"showMaterialUpdate":false,"showSkybox":false,"showFlares":false,"showImageEffects":false,"showParticleSystems":false},"in2DMode":false,"pivot":{"x":0.8100266456604004,"y":1.2699999809265137,"z":-2.9700231552124025},"rotation":{"x":0.0042234803549945358,"y":-0.7102688550949097,"z":0.004261665046215057,"w":0.7039051055908203},"size":29.878334045410158,"orthographic":true}