{"cameraMode":{"drawMode":0,"name":"Shaded","section":"Shading Mode"},"sceneLighting":false,"audioPlay":false,"sceneViewState":{"showFog":false,"showMaterialUpdate":false,"showSkybox":false,"showFlares":false,"showImageEffects":false,"showParticleSystems":false},"in2DMode":false,"pivot":{"x":0.8100014925003052,"y":9.569999694824219,"z":-2.9700002670288088},"rotation":{"x":0.0042234803549945358,"y":-0.7102688550949097,"z":0.004261665046215057,"w":0.7039051055908203},"size":8.150291442871094,"orthographic":false}