{"cameraMode":{"drawMode":0,"name":"Shaded","section":"Shading Mode"},"sceneLighting":false,"audioPlay":false,"sceneViewState":{"showFog":true,"showMaterialUpdate":false,"showSkybox":false,"showFlares":true,"showImageEffects":true,"showParticleSystems":true},"in2DMode":false,"pivot":{"x":10.713653564453125,"y":-4.3120527267456059,"z":11.978317260742188},"rotation":{"x":-0.20800141990184785,"y":0.49806171655654909,"z":-0.12441927194595337,"w":-0.8325927257537842},"size":17.419748306274415,"orthographic":false}