{"cameraMode":{"drawMode":0,"name":"Shaded","section":"Shading Mode"},"sceneLighting":false,"audioPlay":false,"sceneViewState":{"showFog":false,"showMaterialUpdate":false,"showSkybox":false,"showFlares":false,"showImageEffects":false,"showParticleSystems":false},"in2DMode":false,"pivot":{"x":-53.103065490722659,"y":17.72770118713379,"z":0.5206106901168823},"rotation":{"x":0.01719657890498638,"y":-0.6972971558570862,"z":0.01673802360892296,"w":0.7163825631141663},"size":112.75960540771485,"orthographic":false}