{"cameraMode":{"drawMode":0,"name":"Shaded","section":"Shading Mode"},"sceneLighting":true,"audioPlay":false,"sceneViewState":{"m_AlwaysRefresh":false,"showFog":true,"showSkybox":true,"showFlares":true,"showImageEffects":true,"showParticleSystems":true,"showVisualEffectGraphs":true,"m_FxEnabled":true},"in2DMode":false,"pivot":{"x":5.345592498779297,"y":5.673648834228516,"z":27.439594268798829},"rotation":{"x":0.5233991146087647,"y":0.07900211960077286,"z":-0.04881557077169418,"w":0.8470178842544556},"size":30.169116973876954,"orthographic":false}