{"cameraMode":{"drawMode":0,"name":"Shaded","section":"Shading Mode"},"sceneLighting":true,"audioPlay":false,"sceneViewState":{"showFog":false,"showMaterialUpdate":false,"showSkybox":false,"showFlares":false,"showImageEffects":false,"showParticleSystems":false},"in2DMode":false,"pivot":{"x":281.8874206542969,"y":747.238525390625,"z":-747.7269287109375},"rotation":{"x":0.3592335283756256,"y":0.040572427213191989,"z":-0.015635602176189424,"w":0.9322370290756226},"size":770.8489990234375,"orthographic":false}