{"cameraMode":{"drawMode":0,"name":"Shaded","section":"Shading Mode"},"sceneLighting":false,"audioPlay":false,"sceneViewState":{"showFog":false,"showMaterialUpdate":false,"showSkybox":false,"showFlares":false,"showImageEffects":false,"showParticleSystems":false},"in2DMode":false,"pivot":{"x":4.631985664367676,"y":19.036447525024415,"z":-43.14861297607422},"rotation":{"x":0.2564311921596527,"y":-0.034787166863679889,"z":0.00923554040491581,"w":0.9658926725387573},"size":10.0,"orthographic":false}