{"cameraMode":{"drawMode":0,"name":"Shaded","section":"Shading Mode"},"sceneLighting":false,"audioPlay":false,"sceneViewState":{"showFog":false,"showMaterialUpdate":false,"showSkybox":false,"showFlares":false,"showImageEffects":false,"showParticleSystems":false},"in2DMode":false,"pivot":{"x":4.532680034637451,"y":18.81828498840332,"z":-43.282798767089847},"rotation":{"x":0.26219236850738528,"y":-0.03762397915124893,"z":0.010230718180537224,"w":0.964228093624115},"size":21.010000228881837,"orthographic":false}