{"cameraMode":{"drawMode":0,"name":"Shaded","section":"Shading Mode"},"sceneLighting":false,"audioPlay":false,"sceneViewState":{"showFog":false,"showMaterialUpdate":false,"showSkybox":false,"showFlares":false,"showImageEffects":false,"showParticleSystems":false},"in2DMode":false,"pivot":{"x":-298.5398864746094,"y":-409.3275451660156,"z":217.34124755859376},"rotation":{"x":0.3719558119773865,"y":-0.45517727732658389,"z":0.21616491675376893,"w":0.7799054384231567},"size":533.4921264648438,"orthographic":false}