{"cameraMode":{"drawMode":0,"name":"Shaded","section":"Shading Mode"},"sceneLighting":false,"audioPlay":false,"sceneViewState":{"showFog":false,"showMaterialUpdate":false,"showSkybox":false,"showFlares":false,"showImageEffects":false,"showParticleSystems":false},"in2DMode":false,"pivot":{"x":0.0,"y":1.320000171661377,"z":60.900001525878909},"rotation":{"x":0.2833642065525055,"y":-0.09495291113853455,"z":0.027388395741581918,"w":0.9541798830032349},"size":15.558808326721192,"orthographic":false}