{"cameraMode":{"drawMode":0,"name":"Shaded","section":"Shading Mode"},"sceneLighting":false,"audioPlay":false,"sceneViewState":{"showFog":false,"showMaterialUpdate":false,"showSkybox":false,"showFlares":false,"showImageEffects":false,"showParticleSystems":false},"in2DMode":false,"pivot":{"x":18.1980037689209,"y":2.639500141143799,"z":0.7950010299682617},"rotation":{"x":0.2944267690181732,"y":0.5877315998077393,"z":-0.24276681244373322,"w":0.7135195732116699},"size":8.165794372558594,"orthographic":false}