{"cameraMode":{"drawMode":0,"name":"Shaded","section":"Shading Mode"},"sceneLighting":false,"audioPlay":false,"sceneViewState":{"showFog":false,"showMaterialUpdate":false,"showSkybox":false,"showFlares":false,"showImageEffects":false,"showParticleSystems":false},"in2DMode":false,"pivot":{"x":13.64617919921875,"y":2.7467498779296877,"z":3.9800000190734865},"rotation":{"x":-0.3002472519874573,"y":0.6157687902450562,"z":-0.2738860249519348,"w":-0.6750748753547669},"size":12.767329216003418,"orthographic":false}