{"cameraMode":{"drawMode":0,"name":"Shaded","section":"Shading Mode"},"sceneLighting":false,"audioPlay":false,"sceneViewState":{"showFog":false,"showMaterialUpdate":false,"showSkybox":false,"showFlares":false,"showImageEffects":false,"showParticleSystems":false},"in2DMode":false,"pivot":{"x":-18.368486404418947,"y":-0.5383333563804627,"z":-1.4212907552719117},"rotation":{"x":0.045040663331747058,"y":-0.7553271651268005,"z":0.052200209349393848,"w":0.6517219543457031},"size":33.80331802368164,"orthographic":false}