{"cameraMode":{"drawMode":0,"name":"Shaded","section":"Shading Mode"},"sceneLighting":false,"audioPlay":false,"sceneViewState":{"showFog":false,"showMaterialUpdate":false,"showSkybox":false,"showFlares":false,"showImageEffects":false,"showParticleSystems":false},"in2DMode":false,"pivot":{"x":7.341398239135742,"y":3.650071382522583,"z":-11.559954643249512},"rotation":{"x":-0.06287357956171036,"y":0.9219868183135986,"z":-0.16920442879199983,"w":-0.3426326811313629},"size":7.989358901977539,"orthographic":false}