{"cameraMode":{"drawMode":0,"name":"Shaded","section":"Shading Mode"},"sceneLighting":false,"audioPlay":false,"sceneViewState":{"showFog":false,"showMaterialUpdate":false,"showSkybox":false,"showFlares":false,"showImageEffects":false,"showParticleSystems":false},"in2DMode":false,"pivot":{"x":330.4367980957031,"y":-175.57553100585938,"z":310.4821472167969},"rotation":{"x":-0.1799500733613968,"y":-0.43725907802581789,"z":0.08990340679883957,"w":-0.8767796158790588},"size":461.1440124511719,"orthographic":false}