{"cameraMode":{"drawMode":0,"name":"Shaded","section":"Shading Mode"},"sceneLighting":false,"audioPlay":false,"sceneViewState":{"showFog":false,"showMaterialUpdate":false,"showSkybox":false,"showFlares":false,"showImageEffects":false,"showParticleSystems":false},"in2DMode":false,"pivot":{"x":5.0641398429870609,"y":-68.73023223876953,"z":308.3545227050781},"rotation":{"x":0.14561249315738679,"y":0.002924968721345067,"z":-0.001015933696180582,"w":0.9895868897438049},"size":258.05255126953127,"orthographic":false}