{"cameraMode":{"drawMode":0,"name":"Shaded","section":"Shading Mode"},"sceneLighting":true,"audioPlay":false,"sceneViewState":{"showFog":false,"showMaterialUpdate":false,"showSkybox":false,"showFlares":false,"showImageEffects":false,"showParticleSystems":false},"in2DMode":false,"pivot":{"x":-3.8248815536499025,"y":-0.8998923897743225,"z":46.31171798706055},"rotation":{"x":-0.022648317739367486,"y":0.9603248238563538,"z":-0.26640698313713076,"w":-0.08208847045898438},"size":59.98603057861328,"orthographic":false}