{"cameraMode":{"drawMode":0,"name":"Shaded","section":"Shading Mode"},"sceneLighting":true,"audioPlay":false,"sceneViewState":{"showFog":true,"showMaterialUpdate":false,"showSkybox":true,"showFlares":true,"showImageEffects":true,"showParticleSystems":true},"in2DMode":false,"pivot":{"x":210.70431518554688,"y":-69.23226928710938,"z":76.9845962524414},"rotation":{"x":0.11828091740608216,"y":0.6682198643684387,"z":-0.10880132764577866,"w":0.726413369178772},"size":228.88148498535157,"orthographic":false}