{"cameraMode":{"drawMode":0,"name":"Shaded","section":"Shading Mode"},"sceneLighting":false,"audioPlay":false,"sceneViewState":{"m_AlwaysRefresh":false,"showFog":true,"showSkybox":false,"showFlares":true,"showImageEffects":true,"showParticleSystems":true,"showVisualEffectGraphs":true,"m_FxEnabled":true},"in2DMode":false,"pivot":{"x":0.057096436619758609,"y":0.5912209749221802,"z":-5.960464477539063e-8},"rotation":{"x":-0.08398563414812088,"y":0.8953789472579956,"z":-0.19113421440124513,"w":-0.3934420347213745},"size":1.4484150409698487,"orthographic":false}