{"Perceptrons":[{"Weights":[-170.19229125976563,-11.96218204498291,-3.3909168243408205,93.96874237060547]},{"Weights":[-42.82060623168945,59.13767623901367,-3.598942756652832,3.6428775787353517]},{"Weights":[0.8659119606018066,1.739339828491211,43.62004089355469,101.96356201171875]}],"Score":57.907196044921878}