{"cameraMode":{"drawMode":2,"name":"Shaded Wireframe","section":"Shading Mode"},"sceneLighting":false,"audioPlay":false,"sceneViewState":{"showFog":false,"showMaterialUpdate":false,"showSkybox":false,"showFlares":false,"showImageEffects":false,"showParticleSystems":false},"in2DMode":false,"pivot":{"x":8.519783973693848,"y":-1.9620295763015748,"z":7.047788143157959},"rotation":{"x":-0.0054958476684987549,"y":0.9844816327095032,"z":0.03162207081913948,"w":0.17274747788906098},"size":4.057300090789795,"orthographic":false}