{"cameraMode":{"drawMode":2,"name":"Shaded Wireframe","section":"Shading Mode"},"sceneLighting":false,"audioPlay":false,"sceneViewState":{"showFog":false,"showMaterialUpdate":false,"showSkybox":false,"showFlares":false,"showImageEffects":false,"showParticleSystems":false},"in2DMode":false,"pivot":{"x":7.728087902069092,"y":0.16656064987182618,"z":23.81002426147461},"rotation":{"x":-0.06879574060440064,"y":-0.21437910199165345,"z":-0.015138865448534489,"w":0.9742089509963989},"size":17.212026596069337,"orthographic":false}