{"cameraMode":{"drawMode":2,"name":"Shaded Wireframe","section":"Shading Mode"},"sceneLighting":false,"audioPlay":false,"sceneViewState":{"showFog":false,"showMaterialUpdate":false,"showSkybox":false,"showFlares":false,"showImageEffects":false,"showParticleSystems":false},"in2DMode":false,"pivot":{"x":-19.776004791259767,"y":-1.296168327331543,"z":52.084564208984378},"rotation":{"x":-0.03977213054895401,"y":0.2751631438732147,"z":-0.011457137763500214,"w":-0.9605451226234436},"size":47.54496765136719,"orthographic":false}