{"cameraMode":{"drawMode":2,"name":"Shaded Wireframe","section":"Shading Mode"},"sceneLighting":false,"audioPlay":false,"sceneViewState":{"showFog":false,"showMaterialUpdate":false,"showSkybox":false,"showFlares":false,"showImageEffects":false,"showParticleSystems":false},"in2DMode":false,"pivot":{"x":-100.77180480957031,"y":-148.2397918701172,"z":-59.03334045410156},"rotation":{"x":-0.17398306727409364,"y":0.825283408164978,"z":-0.36119261384010317,"w":-0.3977825343608856},"size":213.0854949951172,"orthographic":false}