{"cameraMode":{"drawMode":2,"name":"Shaded Wireframe","section":"Shading Mode"},"sceneLighting":false,"audioPlay":false,"sceneViewState":{"showFog":false,"showMaterialUpdate":false,"showSkybox":false,"showFlares":false,"showImageEffects":false,"showParticleSystems":false},"in2DMode":false,"pivot":{"x":8.672072410583496,"y":-0.7894687652587891,"z":60.644351959228519},"rotation":{"x":-0.036889299750328067,"y":0.011986404657363892,"z":-0.0005042990087531507,"w":-0.9992849230766296},"size":56.354515075683597,"orthographic":false}