{"cameraMode":{"drawMode":0,"name":"Shaded","section":"Shading Mode"},"sceneLighting":false,"audioPlay":false,"sceneViewState":{"showFog":false,"showMaterialUpdate":false,"showSkybox":false,"showFlares":false,"showImageEffects":false,"showParticleSystems":true},"in2DMode":false,"pivot":{"x":0.0000019073486328125,"y":1.399999976158142,"z":1.690000057220459},"rotation":{"x":-0.08743021637201309,"y":0.8231961131095886,"z":-0.13200244307518006,"w":-0.5452345609664917},"size":1.7147303819656373,"orthographic":false}